{
  "baseline_avg224": {
    "mae": 20.46,
    "rmse": 24.77,
    "direction_accuracy": 0.393,
    "edge_accuracy": NaN,
    "n_games_with_lines": 0,
    "n_test_games": 18408,
    "n_train_windows": 369,
    "betting": {
      "bets": 100,
      "wins": 65,
      "win_rate": 0.65,
      "total_pnl": 2409.09,
      "roi": 24.09
    }
  },
  "combined_pts_avg": {
    "mae": 15.02,
    "rmse": 18.99,
    "direction_accuracy": 0.709,
    "edge_accuracy": NaN,
    "n_games_with_lines": 0,
    "n_test_games": 18408,
    "n_train_windows": 369,
    "betting": {
      "bets": 89,
      "wins": 59,
      "win_rate": 0.663,
      "total_pnl": 2363.64,
      "roi": 26.56
    }
  },
  "linear_ridge": {
    "mae": 14.71,
    "rmse": 18.7,
    "direction_accuracy": 0.719,
    "edge_accuracy": NaN,
    "n_games_with_lines": 0,
    "n_test_games": 18408,
    "n_train_windows": 369,
    "betting": {
      "bets": 93,
      "wins": 62,
      "win_rate": 0.667,
      "total_pnl": 2536.36,
      "roi": 27.27
    }
  },
  "gradient_boosting": {
    "mae": 14.85,
    "rmse": 18.77,
    "direction_accuracy": 0.717,
    "edge_accuracy": NaN,
    "n_games_with_lines": 0,
    "n_test_games": 18408,
    "n_train_windows": 369,
    "betting": {
      "bets": 94,
      "wins": 64,
      "win_rate": 0.681,
      "total_pnl": 2818.18,
      "roi": 29.98
    },
    "feature_importance": {
      "math_total_projection": 0.6000358149473923,
      "pace_proxy_avg": 0.14327302882443582,
      "h2h_total_avg": 0.031132591804508343,
      "home_last5_pts_for": 0.026550868451050025,
      "away_last5_pts_for": 0.02519486501061274,
      "combined_pts_avg": 0.022651723746030483,
      "home_pts_against": 0.019374926333681677,
      "home_net_rating": 0.01858054862803796,
      "away_net_rating": 0.016493124017311872,
      "away_pts_against": 0.01648070208990034,
      "net_rating_diff": 0.015818200611547005,
      "home_pts_for": 0.015804238472438496,
      "away_pts_for": 0.01518378312288252,
      "home_win_pct": 0.007485660502127767,
      "away_win_pct": 0.007241920171809844,
      "home_rest_days": 0.006519712459952392,
      "away_rest_days": 0.004877563436107455,
      "h2h_over220_rate": 0.004117379364340697,
      "h2h_games": 0.001847648610366654,
      "home_b2b": 0.0007179789110741493,
      "away_b2b": 0.0006177204843914125,
      "home_injury_impact": 0.0,
      "away_injury_impact": 0.0,
      "open_total_line": 0.0,
      "close_total_line": 0.0
    }
  },
  "_meta": {
    "version": "v20260305_0109",
    "trained_on": 18708,
    "timestamp": "2026-03-05T01:11:10.227373"
  }
}